{"AE":{"AZ":"Abu Dhabi","FU":"Fujairah","UQ":"Umm al-Quwain","SH":"Sharjah","DU":"Dubai","RK":"Ras al-Khaimah","AJ":"Ajm\u0101n"},"AR":{"B":"Buenos Aires","K":"Catamarca","H":"Chaco","U":"Chubut","C":"Ciudad de Buenos Aires","X":"C\u00f3rdoba","W":"Corrientes","E":"Entre R\u00edos","P":"Formosa","Y":"Jujuy","L":"La Pampa","F":"La Rioja","M":"Mendoza","N":"Misiones","Q":"Neuqu\u00e9n","R":"R\u00edo Negro","A":"Salta","J":"San Juan","D":"San Luis","Z":"Santa Cruz","S":"Santa Fe","G":"Santiago del Estero","V":"Tierra del Fuego","T":"Tucum\u00e1n"},"AU":{"ACT":"Australian Capital Territory","NSW":"New South Wales","NT":"Northern Territory","QLD":"Queensland","SA":"South Australia","TAS":"Tasmania","VIC":"Victoria","WA":"Western Australia"},"BR":{"AC":"Acre","AL":"Alagoas","AM":"Amazonas","AP":"Amap\u00e1","BA":"Bahia","CE":"Cear\u00e1","DF":"Distrito Federal","ES":"Esp\u00edrito Santo","GO":"Goi\u00e1s","MA":"Maranh\u00e3o","MG":"Minas Gerais","MS":"Mato Grosso do Sul","MT":"Mato Grosso","PA":"Par\u00e1","PB":"Para\u00edba","PE":"Pernambuco","PI":"Piau\u00ed","PR":"Paran\u00e1","RJ":"Rio de Janeiro","RN":"Rio Grande do Norte","RO":"Rond\u00f4nia","RR":"Roraima","RS":"Rio Grande do Sul","SC":"Santa Catarina","SE":"Sergipe","SP":"S\u00e3o Paulo","TO":"Tocantins"},"CA":{"AB":"Alberta","BC":"British Columbia","MB":"Manitoba","NB":"New Brunswick","NL":"Newfoundland and Labrador","NT":"Northwest Territories","NS":"Nova Scotia","NU":"Nunavut","ON":"Ontario","PE":"Prince Edward Island","QC":"Quebec","SK":"Saskatchewan","YT":"Yukon Territory"},"CL":{"AI":"Ays\u00e9n del General Carlos Ib\u00e1\u00f1ez del Campo","AN":"Antofagasta","AR":"Araucan\u00eda","AP":"Arica y Parinacota","AT":"Atacama","BI":"Biob\u00edo","CO":"Coquimbo","LI":"Libertador General Bernardo O'Higgins","LL":"Los Lagos","LR":"Los R\u00edos","MA":"Magallanes y de la Ant\u00e1rtica Chilena","ML":"Maule","RM":"Metropolitana de Santiago","TA":"Tarapac\u00e1","VS":"Valpara\u00edso"},"CN":{"34":"Anhui Sheng","92":"Macau","11":"Beijing Shi","50":"Chongqing Shi","35":"Fujian Sheng","62":"Gansu Sheng","44":"Guangdong Sheng","45":"Guangxi Zhuangzuzizhiqu","52":"Guizhou Sheng","46":"Hainan Sheng","13":"Hebei Sheng","41":"Henan Sheng","23":"Heilongjiang Sheng","42":"Hubei Sheng","43":"Hunan Sheng","22":"Jilin Sheng","32":"Jiangsu Sheng","36":"Jiangxi Sheng","21":"Liaoning Sheng","15":"Neimenggu Zizhiqu","64":"Ningxia Huizuzizhiqu","63":"Qinghai Sheng","37":"Shandong Sheng","14":"Shanxi Sheng","61":"Shaanxi Sheng","31":"Shanghai Shi","51":"Sichuan Sheng","71":"Taiwan","12":"Tianjin Shi","54":"Xizang Zizhiqu","91":"Hong Kong","65":"Xinjiang Weiwuerzizhiqu","53":"Yunnan Sheng","33":"Zhejiang Sheng"},"CO":{"AMA":"Amazonas","ANT":"Antioquia","ARA":"Arauca","ATL":"Atl\u00e1ntico","BOL":"Bol\u00edvar","BOY":"Boyac\u00e1","CAL":"Caldas","CAQ":"Caquet\u00e1","CAS":"Casanare","CAU":"Cauca","CES":"Cesar","COR":"C\u00f3rdoba","CUN":"Cundinamarca","CHO":"Choc\u00f3","GUA":"Guain\u00eda","GUV":"Guaviare","HUI":"Huila","LAG":"La Guajira","MAG":"Magdalena","MET":"Meta","NAR":"Nari\u00f1o","NSA":"Norte de Santander","PUT":"Putumayo","QUI":"Quind\u00edo","RIS":"Risaralda","SAP":"San Andr\u00e9s, Providencia y Santa Catalina","SAN":"Santander","SUC":"Sucre","TOL":"Tolima","VAC":"Valle del Cauca","VAU":"Vaup\u00e9s","VID":"Vichada"},"EE":{"37":"Harjumaa","39":"Hiiumaa","44":"Ida-Virumaa","49":"J\u00f5gevamaa","51":"J\u00e4rvamaa","57":"L\u00e4\u00e4nemaa","59":"L\u00e4\u00e4ne-Virumaa","65":"P\u00f5lvamaa","67":"P\u00e4rnumaa","70":"Raplamaa","74":"Saaremaa","78":"Tartumaa","82":"Valgamaa","84":"Viljandimaa","86":"V\u00f5rumaa"},"EG":{"ALX":"Alexandria","ASN":"Aswan","AST":"Asyut","BH":"Beheira","BNS":"Beni Suef","C":"Cairo","DK":"Dakahlia","DT":"Damietta","FYM":"Faiyum","GH":"Gharbia","GZ":"Giza","IS":"Ismailia","KFS":"Kafr el-Sheikh","MT":"Matruh","MN":"Minya","MNF":"Monufia","WAD":"New Valley","SIN":"North Sinai","PTS":"Port Said","KB":"Qalyubia","KN":"Qena","BA":"Red Sea","SHR":"Sharqia","SHG":"Sohag","JS":"South Sinai","SUZ":"Suez","LX":"Luxor"},"ES":{"C":"A Coru\u00f1a","VI":"Alava","AB":"Albacete","A":"Alicante","AL":"Almer\u00eda","O":"Asturias","AV":"\u00c1vila","BA":"Badajoz","PM":"Baleares","B":"Barcelona","BU":"Burgos","CC":"C\u00e1ceres","CA":"C\u00e1diz","S":"Cantabria","CS":"Castell\u00f3n","CE":"Ceuta","CR":"Ciudad Real","CO":"C\u00f3rdoba","CU":"Cuenca","GI":"Girona","GR":"Granada","GU":"Guadalajara","SS":"Guip\u00fazcoa","H":"Huelva","HU":"Huesca","J":"Ja\u00e9n","LO":"La Rioja","GC":"Las Palmas","LE":"Le\u00f3n","L":"Lleida","LU":"Lugo","M":"Madrid","MA":"M\u00e1laga","ML":"Melilla","MU":"Murcia","NA":"Navarra","OR":"Ourense","P":"Palencia","PO":"Pontevedra","SA":"Salamanca","TF":"Santa Cruz de Tenerife","SG":"Segovia","SE":"Sevilla","SO":"Soria","T":"Tarragona","TE":"Teruel","TO":"Toledo","V":"Valencia","VA":"Valladolid","BI":"Vizcaya","ZA":"Zamora","Z":"Zaragoza"},"HK":{"Kowloon":"Kowloon","Hong Kong Island":"Hong Kong Island","New Territories":"New Territories"},"ID":{"AC":"Aceh","BA":"Bali","BB":"Bangka Belitung","BT":"Banten","BE":"Bengkulu","JK":"DKI Jakarta","YO":"D.I. Yogyakarta","GO":"Gorontalo","JA":"Jambi","JB":"Jawa Barat","JT":"Jawa Tengah","JI":"Jawa Timur","KB":"Kalimantan Barat","KS":"Kalimantan Selatan","KT":"Kalimantan Tengah","KI":"Kalimantan Timur","KR":"Kepulauan Riau","LA":"Lampung","MA":"Maluku","MU":"Maluku Utara","NB":"Nusa Tenggara Barat","NT":"Nusa Tenggara Timur","PA":"Papua","PB":"Papua Barat","RI":"Riau","SR":"Sulawesi Barat","SN":"Sulawesi Selatan","ST":"Sulawesi Tengah","SG":"Sulawesi Tenggara","SA":"Sulawesi Utara","SB":"Sumatera Barat","SS":"Sumatera Selatan","SU":"Sumatera Utara"},"IE":{"CW":"Co Carlow","CN":"Co Cavan","CE":"Co Clare","CO":"Co Cork","DL":"Co Donegal","D":"Co Dublin","D1":"Dublin 1","D2":"Dublin 2","D3":"Dublin 3","D4":"Dublin 4","D5":"Dublin 5","D6":"Dublin 6","D6W":"Dublin 6w","D7":"Dublin 7","D8":"Dublin 8","D9":"Dublin 9","D10":"Dublin 10","D11":"Dublin 11","D12":"Dublin 12","D13":"Dublin 13","D14":"Dublin 14","D15":"Dublin 15","D16":"Dublin 16","D17":"Dublin 17","D18":"Dublin 18","D19":"Dublin 19","D20":"Dublin 20","D21":"Dublin 21","D22":"Dublin 22","D23":"Dublin 23","D24":"Dublin 24","G":"Co Galway","KY":"Co Kerry","KE":"Co Kildare","KK":"Co Kilkenny","LS":"Co Laois","LM":"Co Leitrim","LK":"Co Limerick","LD":"Co Longford","LH":"Co Louth","MO":"Co Mayo","MH":"Co Meath","MN":"Co Monaghan","OY":"Co Offaly","RN":"Co Roscommon","SO":"Co Sligo","TA":"Co Tipperary","WD":"Co Waterford","WH":"Co Westmeath","WX":"Co Wexford","WW":"Co Wicklow"},"IN":{"AP":"Andhra Pradesh","AR":"Arunachal Pradesh","AS":"Assam","BR":"Bihar","CT":"Chhattisgarh","GA":"Goa","GJ":"Gujarat","HP":"Himachal Pradesh","HR":"Haryana","JH":"Jharkhand","JK":"Jammu & Kashmir","KA":"Karnataka","KL":"Kerala","MH":"Maharashtra","MN":"Manipur","ML":"Meghalaya","MP":"Madhya Pradesh","MZ":"Mizoram","NL":"Nagaland","OR":"Odisha","PB":"Punjab","RJ":"Rajasthan","SK":"Sikkim","TN":"Tamil Nadu","TG":"Telangana","TR":"Tripura","UP":"Uttar Pradesh","UT":"Uttarakhand","WB":"West Bengal"," ":"--","AN":"Andaman & Nicobar","CH":"Chandigarh","DN":"Dadra & Nagar Haveli","DD":"Daman & Diu","DL":"Delhi","LD":"Lakshadweep","PY":"Puducherry"},"IT":{"AG":"Agrigento","AL":"Alessandria","AN":"Ancona","AO":"Aosta","AP":"Ascoli Piceno","AQ":"L'Aquila","AR":"Arezzo","AT":"Asti","AV":"Avellino","BA":"Bari","BG":"Bergamo","BI":"Biella","BL":"Belluno","BN":"Benevento","BO":"Bologna","BR":"Brindisi","BS":"Brescia","BT":"Barletta-Andria-Trani","BZ":"Bolzano\/Bozen","CA":"Cagliari","CB":"Campobasso","CE":"Caserta","CH":"Chieti","CI":"Carbonia-Iglesias","CL":"Caltanissetta","CN":"Cuneo","CO":"Como","CR":"Cremona","CS":"Cosenza","CT":"Catania","CZ":"Catanzaro","EN":"Enna","FC":"Forl\u00ec-Cesena","FE":"Ferrara","FG":"Foggia","FI":"Firenze","FM":"Fermo","FR":"Frosinone","GE":"Genova","GO":"Gorizia","GR":"Grosseto","IM":"Imperia","IS":"Isernia","KR":"Crotone","LC":"Lecco","LE":"Lecce","LI":"Livorno","LO":"Lodi","LT":"Latina","LU":"Lucca","MB":"Monza e Brianza","MC":"Macerata","ME":"Messina","MI":"Milano","MN":"Mantova","MO":"Modena","MS":"Massa-Carrara","MT":"Matera","NA":"Napoli","NO":"Novara","NU":"Nuoro","OG":"Ogliastra","OR":"Oristano","OT":"Olbia-Tempio","PA":"Palermo","PC":"Piacenza","PD":"Padova","PE":"Pescara","PG":"Perugia","PI":"Pisa","PN":"Pordenone","PO":"Prato","PR":"Parma","PT":"Pistoia","PU":"Pesaro e Urbino","PV":"Pavia","PZ":"Potenza","RA":"Ravenna","RC":"Reggio Calabria","RE":"Reggio Emilia","RG":"Ragusa","RI":"Rieti","RM":"Roma","RN":"Rimini","RO":"Rovigo","SA":"Salerno","SI":"Siena","SO":"Sondrio","SP":"La Spezia","SR":"Siracusa","SS":"Sassari","SV":"Savona","TA":"Taranto","TE":"Teramo","TN":"Trento","TO":"Torino","TP":"Trapani","TR":"Terni","TS":"Trieste","TV":"Treviso","UD":"Udine","VA":"Varese","VB":"Verbano-Cusio-Ossola","VC":"Vercelli","VE":"Venezia","VI":"Vicenza","VR":"Verona","VS":"Medio Campidano","VT":"Viterbo","VV":"Vibo Valentia"},"JM":{"13":"Clarendon","09":"Hanover","01":"Kingston","12":"Manchester","04":"Portland","02":"St. Andrew","06":"St. Ann","14":"St. Catherine","11":"St. Elizabeth","08":"St. James","05":"St. Mary","03":"St. Thomas","07":"Trelawny","10":"Westmoreland"},"JP":{"01":"Hokkaido","02":"Aomori","03":"Iwate","04":"Miyagi","05":"Akita","06":"Yamagata","07":"Fukushima","08":"Ibaraki","09":"Tochigi","10":"Gunma","11":"Saitama","12":"Chiba","13":"Tokyo","14":"Kanagawa","15":"Niigata","16":"Toyama","17":"Ishikawa","18":"Fukui","19":"Yamanashi","20":"Nagano","21":"Gifu","22":"Shizuoka","23":"Aichi","24":"Mie","25":"Shiga","26":"Kyoto","27":"Osaka","28":"Hyogo","29":"Nara","30":"Wakayama","31":"Tottori","32":"Shimane","33":"Okayama","34":"Hiroshima","35":"Yamaguchi","36":"Tokushima","37":"Kagawa","38":"Ehime","39":"Kochi","40":"Fukuoka","41":"Saga","42":"Nagasaki","43":"Kumamoto","44":"Oita","45":"Miyazaki","46":"Kagoshima","47":"Okinawa"},"KR":{"11":"Seoul","26":"Busan","27":"Daegu","30":"Daejeon","29":"Gwangju","28":"Incheon","31":"Ulsan","43":"Chungcheongbuk-do","44":"Chungcheongnam-do","42":"Gangwon-do","41":"Gyeonggi-do","47":"Gyeongsangbuk-do","48":"Gyeongsangnam-do","49":"Jeju-do","45":"Jeollabuk-do","46":"Jeollanam-do","50":"Sejong"},"KZ":{"AST":"Astana","ALA":"Almaty","ALM":"Almaty region","AKM":"Aqmola region","AKT":"Aqt\u00f6be region","ATY":"Atyra\u016b region","ZAP":"Batys Qazaqstan region","MAN":"Mangghysta\u016b region","YUZ":"Ongt\u00fcstik Qazaqstan region","PAV":"Pavlodar region","KAR":"Qaraghandy region","KUS":"Qostanay region","KZY":"Qyzylorda region","VOS":"Shyghys Qazaqstan region","SEV":"Solt\u00fcstik Qazaqstan region","ZHA":"Zhambyl region"},"MX":{"AGU":"Aguascalientes","BCN":"Baja California","BCS":"Baja California Sur","CAM":"Campeche","COA":"Coahuila","COL":"Colima","CHP":"Chiapas","CHH":"Chihuahua","DIF":"Distrito Federal","DUG":"Durango","MEX":"Estado de M\u00e9xico","GUA":"Guanajuato","GRO":"Guerrero","HID":"Hidalgo","JAL":"Jalisco","MIC":"Michoac\u00e1n","MOR":"Morelos","NAY":"Nayarit","NLE":"Nuevo Le\u00f3n","OAX":"Oaxaca","PUE":"Puebla","QUE":"Queretaro","ROO":"Quintana Roo","SLP":"San Luis Potos\u00ed","SIN":"Sinaloa","SON":"Sonora","TAB":"Tabasco","TAM":"Tamaulipas","TLA":"Tlaxcala","VER":"Veracruz","YUC":"Yucat\u00e1n","ZAC":"Zacatecas"},"MY":{"01":"Johor","02":"Kedah","03":"Kelantan","14":"Kuala Lumpur","15":"Labuan","04":"Melaka","05":"Negeri Sembilan","06":"Pahang","08":"Perak","09":"Perlis","07":"Pulau Pinang","16":"Putrajaya","12":"Sabah","13":"Sarawak","10":"Selangor","11":"Terengganu"},"PE":{"AMA":"Amazonas","ANC":"Ancash","APU":"Apurimac","ARE":"Arequipa","AYA":"Ayacucho","CAJ":"Cajamarca","CAL":"Callao","CUS":"Cusco","HUV":"Huancavelica","HUC":"Huanuco","ICA":"Ica","JUN":"Junin","LAL":"La Libertad","LAM":"Lambayeque","LIM":"Lima","LOR":"Loreto","MDD":"Madre de Dios","MOQ":"Moquegua","PAS":"Pasco","PIU":"Piura","PUN":"Puno","SAM":"San Martin","TAC":"Tacna","TUM":"Tumbes","UCA":"Ucayali"},"RU":{"MOW":"Moskva","SPE":"Sankt-Peterburg","AD":"Adygeya, Respublika","AL":"Altay, Respublika","BA":"Bashkortostan, Respublika","BU":"Buryatiya, Respublika","CE":"Chechenskaya Respublika","CU":"Chuvashskaya Respublika","DA":"Dagestan, Respublika","IN":"Ingushetiya, Respublika","KB":"Kabardino-Balkarskaya Respublika","KL":"Kalmykiya, Respublika","KC":"Karachayevo-Cherkesskaya Respublika","KR":"Kareliya, Respublika","KK":"Khakasiya, Respublika","KO":"Komi, Respublika","ME":"Mariy El, Respublika","MO":"Mordoviya, Respublika","SA":"Sakha, Respublika [Yakutiya]","SE":"Severnaya Osetiya-Alaniya, Respublika","TA":"Tatarstan, Respublika","TY":"Tyva, Respublika [Tuva]","UD":"Udmurtskaya Respublika","ALT":"Altayskiy kray","KAM":"Kamchatskiy kray","KHA":"Khabarovskiy kray","KDA":"Krasnodarskiy kray","KYA":"Krasnoyarskiy kray","PER":"Permskiy kray","PRI":"Primorskiy kray","STA":"Stavropolskiy kray","ZAB":"Zabaykalskiy kray","AMU":"Amurskaya oblast","ARK":"Arkhangelskaya oblast","AST":"Astrakhanskaya oblast","BEL":"Belgorodskaya oblast","BRY":"Bryanskaya oblast","CHE":"Chelyabinskaya oblast","IRK":"Irkutskaya oblast","IVA":"Ivanovskaya oblast","KGD":"Kaliningradskaya oblast","KLU":"Kaluzhskaya oblast","KEM":"Kemerovskaya oblast","KIR":"Kirovskaya oblast","KOS":"Kostromskaya oblast","KGN":"Kurganskaya oblast","KRS":"Kurskaya oblast","LEN":"Leningradskaya oblast","LIP":"Lipetskaya oblast","MAG":"Magadanskaya oblast","MOS":"Moskovskaya oblast","MUR":"Murmanskaya oblast","NIZ":"Nizhegorodskaya oblast","NGR":"Novgorodskaya oblast","NVS":"Novosibirskaya oblast","OMS":"Omskaya oblast","ORE":"Orenburgskaya oblast","ORL":"Orlovskaya oblast","PNZ":"Penzenskaya oblast","PSK":"Pskovskaya oblast","ROS":"Rostovskaya oblast","RYA":"Ryazanskaya oblast","SAK":"Sakhalinskaya oblast","SAM":"Samarskaya oblast","SAR":"Saratovskaya oblast","SMO":"Smolenskaya oblast","SVE":"Sverdlovskaya oblast","TAM":"Tambovskaya oblast","TOM":"Tomskaya oblast","TUL":"Tulskaya oblast","TVE":"Tverskaya oblast","TYU":"Tyumenskaya oblast","ULY":"Ulyanovskaya oblast","VLA":"Vladimirskaya oblast","VGG":"Volgogradskaya oblast","VLG":"Vologodskaya oblast","VOR":"Voronezhskaya oblast","YAR":"Yaroslavskaya oblast","YEV":"Yevreyskaya avtonomnaya oblast","CHU":"Chukotskiy avtonomnyy okrug","KHM":"Khanty-Mansiyskiy avtonomnyy okrug-Yugra","NEN":"Nenetskiy avtonomnyy okrug","YAN":"Yamalo-Nenetskiy avtonomnyy okrug"},"TR":{"01":"Adana","02":"Ad\u0131yaman","03":"Afyon","04":"A\u011fr\u0131","68":"Aksaray","05":"Amasya","06":"Ankara","07":"Antalya","75":"Ardahan","08":"Artvin","09":"Ayd\u0131n","10":"Bal\u0131kesir","74":"Bart\u0131n","72":"Batman","69":"Bayburt","11":"Bilecik","12":"Bing\u00f6l","13":"Bitlis","14":"Bolu","15":"Burdur","16":"Bursa","17":"\u00c7anakkale","18":"\u00c7ank\u0131r\u0131","19":"\u00c7orum","20":"Denizli","21":"Diyarbak\u0131r","81":"D\u00fczce","22":"Edirne","23":"Elaz\u0131\u011f","24":"Erzincan","25":"Erzurum","26":"Eski\u015fehir","27":"Gaziantep","28":"Giresun","29":"G\u00fcm\u00fc\u015fhane","30":"Hakkari","31":"Hatay","76":"I\u011fd\u0131r","32":"Isparta","34":"\u0130stanbul","35":"\u0130zmir","46":"Kahramanmara\u015f","78":"Karab\u00fck","70":"Karaman","36":"Kars","37":"Kastamonu","38":"Kayseri","71":"K\u0131r\u0131kkale","39":"K\u0131rklareli","40":"K\u0131r\u015fehir","79":"Kilis","41":"Kocaeli","42":"Konya","43":"K\u00fctahya","44":"Malatya","45":"Manisa","47":"Mardin","33":"Mersin","48":"Mu\u011fla","49":"Mu\u015f","50":"Nev\u015fehir","51":"Ni\u011fde","52":"Ordu","80":"Osmaniye","53":"Rize","54":"Sakarya","55":"Samsun","56":"Siirt","57":"Sinop","58":"Sivas","63":"\u015eanl\u0131urfa","73":"\u015e\u0131rnak","59":"Tekirda\u011f","60":"Tokat","61":"Trabzon","62":"Tunceli","64":"U\u015fak","65":"Van","77":"Yalova","66":"Yozgat","67":"Zonguldak"},"TW":{"TXG":"Taichung City","TPE":"Taipei City","TTT":"Taitung County","TNN":"Tainan City","ILA":"Yilan County","HUA":"Hualien County","Kinmen County":"Kinmen County","NAN":"Nantou County","PIF":"Pingtung County","MIA":"Miaoli County","TAO":"Taoyuan County","KHH":"Kaohsiung City","KEE":"Keelung City","Lienchiang County":"Lienchiang County","YUN":"Yunlin County","TPQ":"New Taipei City","HSZ":"Hsinchu City","HSQ":"Hsinchu County","CYI":"Chiayi City","CYQ":"Chiayi County","CHA":"Changhua County","PEN":"Penghu County"},"UA":{"43":"Crimea","05":"Vinnyts'ka oblast","07":"Volyns'ka oblast","12":"Dnipropetrovsk Oblast","14":"Donetsk Oblast","18":"Zhytomyrs'ka oblast","21":"Zakarpats'ka oblast","23":"Zaporiz'ka oblast","26":"Ivano-Frankivs'ka oblast","30":"Kiev Oblast","35":"Kirovohrads'ka oblast","09":"Luhans'ka oblast","46":"Lviv Oblast","48":"Mykolaivs'ka oblast","51":"Odessa Oblast","53":"Poltavs'ka oblast","56":"Rivnens'ka oblast","40":"Sevastopol' city","59":"Sums'ka oblast","61":"Ternopil's'ka oblast","63":"Kharkiv Oblast","65":"Khersons'ka oblast","68":"Khmel'nyts'ka oblast","71":"Cherkas'ka oblast","77":"Chernivets'ka oblast","74":"Chernihivs'ka oblast"},"US":{"AL":"Alabama","AK":"Alaska","AZ":"Arizona","AR":"Arkansas","CA":"California","CO":"Colorado","CT":"Connecticut","DE":"Delaware","DC":"District of Columbia","FL":"Florida","GA":"Georgia","HI":"Hawaii","ID":"Idaho","IL":"Illinois","IN":"Indiana","IA":"Iowa","KS":"Kansas","KY":"Kentucky","LA":"Louisiana","ME":"Maine","MD":"Maryland","MA":"Massachusetts","MI":"Michigan","MN":"Minnesota","MS":"Mississippi","MO":"Missouri","MT":"Montana","NE":"Nebraska","NV":"Nevada","NH":"New Hampshire","NJ":"New Jersey","NM":"New Mexico","NY":"New York","NC":"North Carolina","ND":"North Dakota","OH":"Ohio","OK":"Oklahoma","OR":"Oregon","PA":"Pennsylvania","RI":"Rhode Island","SC":"South Carolina","SD":"South Dakota","TN":"Tennessee","TX":"Texas","UT":"Utah","VT":"Vermont","VA":"Virginia","WA":"Washington","WV":"West Virginia","WI":"Wisconsin","WY":"Wyoming"," ":"--","AA":"Armed Forces (Americas)","AE":"Armed Forces (Europe, Canada, Middle East, Africa)","AP":"Armed Forces (Pacific)","AS":"American Samoa","FM":"Federated States of Micronesia","GU":"Guam","MH":"Marshall Islands","MP":"Northern Mariana Islands","PW":"Palau","PR":"Puerto Rico","VI":"Virgin Islands"},"VE":{"Z":"Amazonas","B":"Anzo\u00e1tegui","C":"Apure","D":"Aragua","E":"Barinas","F":"Bol\u00edvar","G":"Carabobo","H":"Cojedes","Y":"Delta Amacuro","W":"Dependencias Federales","A":"Distrito Federal","I":"Falc\u00f3n","J":"Gu\u00e1rico","K":"Lara","L":"M\u00e9rida","M":"Miranda","N":"Monagas","O":"Nueva Esparta","P":"Portuguesa","R":"Sucre","S":"T\u00e1chira","T":"Trujillo","X":"Vargas","U":"Yaracuy","V":"Zulia"}}