[{"DZ":"Algeria","AO":"Angola","BJ":"Benin","BW":"Botswana","BF":"Burkina Faso","BI":"Burundi","CM":"Cameroon","CV":"Cape Verde","CF":"Central African Republic","TD":"Chad","KM":"Comoros","CG":"Congo - Brazzaville","CD":"Congo - Kinshasa","CI":"C\u00f4te d\u2019Ivoire","DJ":"Djibouti","EG":"Egypt","GQ":"Equatorial Guinea","ER":"Eritrea","ET":"Ethiopia","GA":"Gabon","GM":"Gambia","GH":"Ghana","GN":"Guinea","GW":"Guinea-Bissau","KE":"Kenya","LS":"Lesotho","LR":"Liberia","LY":"Libya","MG":"Madagascar","MW":"Malawi","ML":"Mali","MR":"Mauritania","MU":"Mauritius","YT":"Mayotte","MA":"Morocco","MZ":"Mozambique","NA":"Namibia","NE":"Niger","NG":"Nigeria","RW":"Rwanda","RE":"R\u00e9union","SH":"Saint Helena","SN":"Senegal","SC":"Seychelles","SL":"Sierra Leone","SO":"Somalia","ZA":"South Africa","SD":"Sudan","SZ":"Swaziland","ST":"S\u00e3o Tom\u00e9 and Pr\u00edncipe","TZ":"Tanzania","TG":"Togo","TN":"Tunisia","UG":"Uganda","EH":"Western Sahara","ZM":"Zambia","ZW":"Zimbabwe"},{"AF":"Afghanistan","AM":"Armenia","AZ":"Azerbaijan","BH":"Bahrain","BD":"Bangladesh","BT":"Bhutan","BN":"Brunei","KH":"Cambodia","CN":"China","CY":"Cyprus","GE":"Georgia","HK":"Hong Kong SAR China","IN":"India","ID":"Indonesia","IR":"Iran","IQ":"Iraq","IL":"Israel","JP":"Japan","JO":"Jordan","KZ":"Kazakhstan","KW":"Kuwait","KG":"Kyrgyzstan","LA":"Laos","LB":"Lebanon","MO":"Macau SAR China","MY":"Malaysia","MV":"Maldives","MN":"Mongolia","MM":"Myanmar [Burma]","NP":"Nepal","NT":"Neutral Zone","KP":"North Korea","OM":"Oman","PK":"Pakistan","PS":"Palestinian Territories","YD":"People's Democratic Republic of Yemen","PH":"Philippines","QA":"Qatar","SA":"Saudi Arabia","SG":"Singapore","KR":"South Korea","LK":"Sri Lanka","SY":"Syria","TW":"Taiwan","TJ":"Tajikistan","TH":"Thailand","TL":"Timor-Leste","TR":"Turkey","TM":"Turkmenistan","AE":"United Arab Emirates","UZ":"Uzbekistan","VN":"Vietnam","YE":"Yemen"},{"CA":"Canada"},{"AL":"Albania","AD":"Andorra","AT":"Austria","BY":"Belarus","BE":"Belgium","BA":"Bosnia and Herzegovina","BG":"Bulgaria","HR":"Croatia","CY":"Cyprus","CZ":"Czech Republic","DK":"Denmark","DD":"East Germany","EE":"Estonia","FO":"Faroe Islands","FI":"Finland","FR":"France","DE":"Germany","GI":"Gibraltar","GR":"Greece","GG":"Guernsey","HU":"Hungary","IS":"Iceland","IE":"Ireland","IM":"Isle of Man","IT":"Italy","JE":"Jersey","LV":"Latvia","LI":"Liechtenstein","LT":"Lithuania","LU":"Luxembourg","MK":"Macedonia","MT":"Malta","FX":"Metropolitan France","MD":"Moldova","MC":"Monaco","ME":"Montenegro","NL":"Netherlands","NO":"Norway","PL":"Poland","PT":"Portugal","RO":"Romania","RU":"Russia","SM":"San Marino","RS":"Serbia","CS":"Serbia and Montenegro","SK":"Slovakia","SI":"Slovenia","ES":"Spain","SJ":"Svalbard and Jan Mayen","SE":"Sweden","CH":"Switzerland","UA":"Ukraine","SU":"Union of Soviet Socialist Republics","GB":"United Kingdom","VA":"Vatican City","AX":"\u00c5land Islands"},{"AI":"Anguilla","AG":"Antigua and Barbuda","AR":"Argentina","AW":"Aruba","BS":"Bahamas","BB":"Barbados","BZ":"Belize","BM":"Bermuda","BO":"Bolivia","BR":"Brazil","VG":"British Virgin Islands","CA":"Canada","KY":"Cayman Islands","CL":"Chile","CO":"Colombia","CR":"Costa Rica","CU":"Cuba","DM":"Dominica","DO":"Dominican Republic","EC":"Ecuador","SV":"El Salvador","FK":"Falkland Islands","GF":"French Guiana","GL":"Greenland","GD":"Grenada","GP":"Guadeloupe","GT":"Guatemala","GY":"Guyana","HT":"Haiti","HN":"Honduras","JM":"Jamaica","MQ":"Martinique","MX":"Mexico","MS":"Montserrat","AN":"Netherlands Antilles","NI":"Nicaragua","PA":"Panama","PY":"Paraguay","PE":"Peru","PR":"Puerto Rico","BL":"Saint Barth\u00e9lemy","KN":"Saint Kitts and Nevis","LC":"Saint Lucia","MF":"Saint Martin","PM":"Saint Pierre and Miquelon","VC":"Saint Vincent and the Grenadines","SR":"Suriname","TT":"Trinidad and Tobago","TC":"Turks and Caicos Islands","UM":"U.S. Minor Outlying Islands","VI":"U.S. Virgin Islands","UY":"Uruguay","VU":"Vanuatu","VE":"Venezuela","WF":"Wallis and Futuna"},{"AS":"American Samoa","AQ":"Antarctica","AU":"Australia","BV":"Bouvet Island","IO":"British Indian Ocean Territory","CX":"Christmas Island","CC":"Cocos [Keeling] Islands","CK":"Cook Islands","FJ":"Fiji","PF":"French Polynesia","TF":"French Southern Territories","GU":"Guam","HM":"Heard Island and McDonald Islands","KI":"Kiribati","MH":"Marshall Islands","FM":"Micronesia","NR":"Nauru","NC":"New Caledonia","NZ":"New Zealand","NU":"Niue","NF":"Norfolk Island","MP":"Northern Mariana Islands","PW":"Palau","PG":"Papua New Guinea","PN":"Pitcairn Islands","WS":"Samoa","SB":"Solomon Islands","GS":"South Georgia and the South Sandwich Islands","TK":"Tokelau","TO":"Tonga","TV":"Tuvalu"},{"US":"United States"},{"AF":"Afghanistan","AX":"Aland Islands","AL":"Albania","DZ":"Algeria","AS":"American Samoa","AD":"Andorra","AO":"Angola","AI":"Anguilla","AQ":"Antarctica","AG":"Antigua and Barbuda","AR":"Argentina","AM":"Armenia","AW":"Aruba","AU":"Australia","AT":"Austria","AZ":"Azerbaijan","BS":"Bahamas","BH":"Bahrain","BD":"Bangladesh","BB":"Barbados","BY":"Belarus","BE":"Belgium","BZ":"Belize","BJ":"Benin","BM":"Bermuda","BT":"Bhutan","BO":"Bolivia","BA":"Bosnia and Herzegovina","BW":"Botswana","BV":"Bouvet Island","BR":"Brazil","IO":"British Indian Ocean Territory","VG":"British Virgin Islands","BN":"Brunei","BG":"Bulgaria","BF":"Burkina Faso","BI":"Burundi","KH":"Cambodia","CM":"Cameroon","CA":"Canada","CV":"Cape Verde","BQ":"Caribbean Netherlands","KY":"Cayman Islands","CF":"Central African Republic","TD":"Chad","CL":"Chile","CN":"China","CX":"Christmas Island","CC":"Cocos (Keeling) Islands","CO":"Colombia","KM":"Comoros","CG":"Congo (Brazzaville)","CD":"Congo (Kinshasa)","CK":"Cook Islands","CR":"Costa Rica","HR":"Croatia","CU":"Cuba","CW":"Cura\u00e7ao","CY":"Cyprus","CZ":"Czech Republic","DK":"Denmark","DJ":"Djibouti","DM":"Dominica","DO":"Dominican Republic","EC":"Ecuador","EG":"Egypt","SV":"El Salvador","GQ":"Equatorial Guinea","ER":"Eritrea","EE":"Estonia","ET":"Ethiopia","FK":"Falkland Islands","FO":"Faroe Islands","FJ":"Fiji","FI":"Finland","FR":"France","GF":"French Guiana","PF":"French Polynesia","TF":"French Southern Territories","GA":"Gabon","GM":"Gambia","GE":"Georgia","DE":"Germany","GH":"Ghana","GI":"Gibraltar","GR":"Greece","GL":"Greenland","GD":"Grenada","GP":"Guadeloupe","GU":"Guam","GT":"Guatemala","GG":"Guernsey","GN":"Guinea","GW":"Guinea-Bissau","GY":"Guyana","HT":"Haiti","HM":"Heard Island and McDonald Islands","HN":"Honduras","HK":"Hong Kong S.A.R., China","HU":"Hungary","IS":"Iceland","IN":"India","ID":"Indonesia","IR":"Iran","IQ":"Iraq","IE":"Ireland","IM":"Isle of Man","IL":"Israel","IT":"Italy","CI":"Ivory Coast","JM":"Jamaica","JP":"Japan","JE":"Jersey","JO":"Jordan","KZ":"Kazakhstan","KE":"Kenya","KI":"Kiribati","KW":"Kuwait","KG":"Kyrgyzstan","LA":"Laos","LV":"Latvia","LB":"Lebanon","LS":"Lesotho","LR":"Liberia","LY":"Libya","LI":"Liechtenstein","LT":"Lithuania","LU":"Luxembourg","MO":"Macao S.A.R., China","MK":"Macedonia","MG":"Madagascar","MW":"Malawi","MY":"Malaysia","MV":"Maldives","ML":"Mali","MT":"Malta","MH":"Marshall Islands","MQ":"Martinique","MR":"Mauritania","MU":"Mauritius","YT":"Mayotte","MX":"Mexico","FM":"Micronesia","MD":"Moldova","MC":"Monaco","MN":"Mongolia","ME":"Montenegro","MS":"Montserrat","MA":"Morocco","MZ":"Mozambique","MM":"Myanmar","NA":"Namibia","NR":"Nauru","NP":"Nepal","NL":"Netherlands","AN":"Netherlands Antilles","NC":"New Caledonia","NZ":"New Zealand","NI":"Nicaragua","NE":"Niger","NG":"Nigeria","NU":"Niue","NF":"Norfolk Island","MP":"Northern Mariana Islands","KP":"North Korea","NO":"Norway","OM":"Oman","PK":"Pakistan","PW":"Palau","PS":"Palestinian Territory","PA":"Panama","PG":"Papua New Guinea","PY":"Paraguay","PE":"Peru","PH":"Philippines","PN":"Pitcairn","PL":"Poland","PT":"Portugal","PR":"Puerto Rico","QA":"Qatar","RE":"Reunion","RO":"Romania","RU":"Russia","RW":"Rwanda","BL":"Saint Barth\u00e9lemy","SH":"Saint Helena","KN":"Saint Kitts and Nevis","LC":"Saint Lucia","MF":"Saint Martin (French part)","PM":"Saint Pierre and Miquelon","VC":"Saint Vincent and the Grenadines","WS":"Samoa","SM":"San Marino","ST":"Sao Tome and Principe","SA":"Saudi Arabia","SN":"Senegal","RS":"Serbia","SC":"Seychelles","SL":"Sierra Leone","SG":"Singapore","SX":"Sint Maarten","SK":"Slovakia","SI":"Slovenia","SB":"Solomon Islands","SO":"Somalia","ZA":"South Africa","GS":"South Georgia and the South Sandwich Islands","KR":"South Korea","SS":"South Sudan","ES":"Spain","LK":"Sri Lanka","SD":"Sudan","SR":"Suriname","SJ":"Svalbard and Jan Mayen","SZ":"Swaziland","SE":"Sweden","CH":"Switzerland","SY":"Syria","TW":"Taiwan","TJ":"Tajikistan","TZ":"Tanzania","TH":"Thailand","TL":"Timor-Leste","TG":"Togo","TK":"Tokelau","TO":"Tonga","TT":"Trinidad and Tobago","TN":"Tunisia","TR":"Turkey","TM":"Turkmenistan","TC":"Turks and Caicos Islands","TV":"Tuvalu","VI":"U.S. Virgin Islands","UG":"Uganda","UA":"Ukraine","AE":"United Arab Emirates","GB":"United Kingdom","US":"United States","UM":"United States Minor Outlying Islands","UY":"Uruguay","UZ":"Uzbekistan","VU":"Vanuatu","VA":"Vatican","VE":"Venezuela","VN":"Vietnam","WF":"Wallis and Futuna","EH":"Western Sahara","YE":"Yemen","ZM":"Zambia","ZW":"Zimbabwe"}]